<?xml version='1.0' encoding='utf-8'?>

<!DOCTYPE hibernate-configuration PUBLIC
        "-//Hibernate/Hibernate Configuration DTD 3.0//EN"
        "http://www.hibernate.org/dtd/hibernate-configuration-3.0.dtd">

<hibernate-configuration>

	<session-factory>

		<!-- Database connection settings -->
		<property name="dialect">org.hibernate.dialect.PostgreSQLDialect</property>
		<property name="connection.driver_class">org.postgresql.Driver</property>
		<property name="connection.url">jdbc:postgresql://localhost/mesowest_col</property>
		<property name="connection.username">postgres</property>
		<property name="connection.password">postgres</property>
		
		<property name="hibernate.jdbc.batch_size">50</property>
		

		<!-- JDBC connection pool (use the built-in) -->
		<property name="connection.pool_size">1</property>

		<!-- Disable the second-level cache -->
		<property name="cache.provider_class">org.hibernate.cache.NoCacheProvider</property>

		<!-- Echo all executed SQL to stdout -->
		<property name="show_sql">false</property>

		<property name="transaction.factory_class">org.hibernate.transaction.JDBCTransactionFactory</property>
		<property name="current_session_context_class">thread</property>
		
		<!--<property name="hbm2ddl.auto">validate</property>-->

		<mapping class="org.weather.bean.Stg_Weather" />
		<mapping class="org.weather.bean.DimKey" />
		<mapping class="org.weather.bean.Location" />
		<mapping class="org.weather.bean.Precipitation" />
		<mapping class="org.weather.bean.Pressure" />
		<mapping class="org.weather.bean.Temperature" />
		<mapping class="org.weather.bean.Wind" />
		<mapping class="org.weather.bean.Humidity" />
		<mapping class="org.weather.bean.TimeDimension" />
		<mapping class="org.weather.bean.DateDimension" />
		
	</session-factory>

</hibernate-configuration>